AN,2020-01-31,0
AR,2020-01-31,0
AS,2020-01-31,0
CB,2020-01-31,0
CE,2020-01-31,0
CL,2020-01-31,0
CM,2020-01-31,0
CN,2020-01-31,0
CT,2020-01-31,0
EX,2020-01-31,0
GA,2020-01-31,0
IB,2020-01-31,0
MC,2020-01-31,0
MD,2020-01-31,4
ML,2020-01-31,0
NC,2020-01-31,0
PV,2020-01-31,0
RI,2020-01-31,0
VC,2020-01-31,4
AN,2020-02-01,2
AR,2020-02-01,0
AS,2020-02-01,0
CB,2020-02-01,0
CE,2020-02-01,0
CL,2020-02-01,0
CM,2020-02-01,0
CN,2020-02-01,0
CT,2020-02-01,8
EX,2020-02-01,0
GA,2020-02-01,0
IB,2020-02-01,0
MC,2020-02-01,0
MD,2020-02-01,9
ML,2020-02-01,0
NC,2020-02-01,0
PV,2020-02-01,0
RI,2020-02-01,0
VC,2020-02-01,1
AN,2020-02-02,2
AR,2020-02-02,0
AS,2020-02-02,0
CB,2020-02-02,0
CE,2020-02-02,0
CL,2020-02-02,0
CM,2020-02-02,0
CN,2020-02-02,1
CT,2020-02-02,1
EX,2020-02-02,2
GA,2020-02-02,1
IB,2020-02-02,0
MC,2020-02-02,0
MD,2020-02-02,6
ML,2020-02-02,0
NC,2020-02-02,0
PV,2020-02-02,0
RI,2020-02-02,0
VC,2020-02-02,0
AN,2020-02-03,1
AR,2020-02-03,0
AS,2020-02-03,0
CB,2020-02-03,0
CE,2020-02-03,0
CL,2020-02-03,1
CM,2020-02-03,0
CN,2020-02-03,0
CT,2020-02-03,2
EX,2020-02-03,0
GA,2020-02-03,1
IB,2020-02-03,0
MC,2020-02-03,0
MD,2020-02-03,7
ML,2020-02-03,0
NC,2020-02-03,0
PV,2020-02-03,0
RI,2020-02-03,1
VC,2020-02-03,5
AN,2020-02-04,1
AR,2020-02-04,0
AS,2020-02-04,0
CB,2020-02-04,0
CE,2020-02-04,0
CL,2020-02-04,1
CM,2020-02-04,0
CN,2020-02-04,1
CT,2020-02-04,4
EX,2020-02-04,0
GA,2020-02-04,1
IB,2020-02-04,0
MC,2020-02-04,0
MD,2020-02-04,3
ML,2020-02-04,0
NC,2020-02-04,1
PV,2020-02-04,0
RI,2020-02-04,0
VC,2020-02-04,1
AN,2020-02-05,1
AR,2020-02-05,0
AS,2020-02-05,0
CB,2020-02-05,0
CE,2020-02-05,1
CL,2020-02-05,1
CM,2020-02-05,0
CN,2020-02-05,0
CT,2020-02-05,2
EX,2020-02-05,0
GA,2020-02-05,1
IB,2020-02-05,0
MC,2020-02-05,2
MD,2020-02-05,4
ML,2020-02-05,0
NC,2020-02-05,0
PV,2020-02-05,0
RI,2020-02-05,0
VC,2020-02-05,3
AN,2020-02-06,2
AR,2020-02-06,1
AS,2020-02-06,0
CB,2020-02-06,0
CE,2020-02-06,0
CL,2020-02-06,0
CM,2020-02-06,0
CN,2020-02-06,0
CT,2020-02-06,1
EX,2020-02-06,0
GA,2020-02-06,0
IB,2020-02-06,0
MC,2020-02-06,0
MD,2020-02-06,4
ML,2020-02-06,0
NC,2020-02-06,0
PV,2020-02-06,0
RI,2020-02-06,0
VC,2020-02-06,1
AN,2020-02-07,2
AR,2020-02-07,0
AS,2020-02-07,0
CB,2020-02-07,0
CE,2020-02-07,0
CL,2020-02-07,1
CM,2020-02-07,0
CN,2020-02-07,0
CT,2020-02-07,2
EX,2020-02-07,0
GA,2020-02-07,0
IB,2020-02-07,0
MC,2020-02-07,0
MD,2020-02-07,9
ML,2020-02-07,0
NC,2020-02-07,0
PV,2020-02-07,0
RI,2020-02-07,0
VC,2020-02-07,1
AN,2020-02-08,0
AR,2020-02-08,0
AS,2020-02-08,0
CB,2020-02-08,0
CE,2020-02-08,0
CL,2020-02-08,0
CM,2020-02-08,0
CN,2020-02-08,0
CT,2020-02-08,0
EX,2020-02-08,1
GA,2020-02-08,0
IB,2020-02-08,0
MC,2020-02-08,0
MD,2020-02-08,8
ML,2020-02-08,0
NC,2020-02-08,0
PV,2020-02-08,0
RI,2020-02-08,0
VC,2020-02-08,0
AN,2020-02-09,1
AR,2020-02-09,0
AS,2020-02-09,0
CB,2020-02-09,0
CE,2020-02-09,0
CL,2020-02-09,0
CM,2020-02-09,0
CN,2020-02-09,0
CT,2020-02-09,1
EX,2020-02-09,0
GA,2020-02-09,0
IB,2020-02-09,0
MC,2020-02-09,0
MD,2020-02-09,2
ML,2020-02-09,0
NC,2020-02-09,0
PV,2020-02-09,1
RI,2020-02-09,0
VC,2020-02-09,0
AN,2020-02-10,1
AR,2020-02-10,0
AS,2020-02-10,0
CB,2020-02-10,0
CE,2020-02-10,0
CL,2020-02-10,1
CM,2020-02-10,0
CN,2020-02-10,0
CT,2020-02-10,3
EX,2020-02-10,0
GA,2020-02-10,0
IB,2020-02-10,2
MC,2020-02-10,1
MD,2020-02-10,10
ML,2020-02-10,0
NC,2020-02-10,1
PV,2020-02-10,0
RI,2020-02-10,0
VC,2020-02-10,4
AN,2020-02-11,1
AR,2020-02-11,1
AS,2020-02-11,0
CB,2020-02-11,0
CE,2020-02-11,0
CL,2020-02-11,1
CM,2020-02-11,0
CN,2020-02-11,0
CT,2020-02-11,2
EX,2020-02-11,0
GA,2020-02-11,0
IB,2020-02-11,0
MC,2020-02-11,0
MD,2020-02-11,8
ML,2020-02-11,0
NC,2020-02-11,0
PV,2020-02-11,0
RI,2020-02-11,0
VC,2020-02-11,1
AN,2020-02-12,1
AR,2020-02-12,0
AS,2020-02-12,0
CB,2020-02-12,0
CE,2020-02-12,0
CL,2020-02-12,2
CM,2020-02-12,0
CN,2020-02-12,1
CT,2020-02-12,5
EX,2020-02-12,0
GA,2020-02-12,0
IB,2020-02-12,0
MC,2020-02-12,0
MD,2020-02-12,9
ML,2020-02-12,0
NC,2020-02-12,0
PV,2020-02-12,2
RI,2020-02-12,0
VC,2020-02-12,1
AN,2020-02-13,2
AR,2020-02-13,1
AS,2020-02-13,0
CB,2020-02-13,0
CE,2020-02-13,1
CL,2020-02-13,3
CM,2020-02-13,0
CN,2020-02-13,0
CT,2020-02-13,9
EX,2020-02-13,1
GA,2020-02-13,0
IB,2020-02-13,0
MC,2020-02-13,0
MD,2020-02-13,15
ML,2020-02-13,0
NC,2020-02-13,0
PV,2020-02-13,0
RI,2020-02-13,0
VC,2020-02-13,2
AN,2020-02-14,1
AR,2020-02-14,0
AS,2020-02-14,0
CB,2020-02-14,0
CE,2020-02-14,0
CL,2020-02-14,1
CM,2020-02-14,0
CN,2020-02-14,1
CT,2020-02-14,1
EX,2020-02-14,1
GA,2020-02-14,0
IB,2020-02-14,1
MC,2020-02-14,1
MD,2020-02-14,11
ML,2020-02-14,0
NC,2020-02-14,0
PV,2020-02-14,0
RI,2020-02-14,0
VC,2020-02-14,2
AN,2020-02-15,4
AR,2020-02-15,0
AS,2020-02-15,0
CB,2020-02-15,0
CE,2020-02-15,0
CL,2020-02-15,0
CM,2020-02-15,0
CN,2020-02-15,0
CT,2020-02-15,8
EX,2020-02-15,2
GA,2020-02-15,0
IB,2020-02-15,0
MC,2020-02-15,0
MD,2020-02-15,13
ML,2020-02-15,0
NC,2020-02-15,0
PV,2020-02-15,3
RI,2020-02-15,0
VC,2020-02-15,4
AN,2020-02-16,0
AR,2020-02-16,1
AS,2020-02-16,0
CB,2020-02-16,0
CE,2020-02-16,0
CL,2020-02-16,0
CM,2020-02-16,0
CN,2020-02-16,2
CT,2020-02-16,5
EX,2020-02-16,0
GA,2020-02-16,1
IB,2020-02-16,0
MC,2020-02-16,0
MD,2020-02-16,14
ML,2020-02-16,0
NC,2020-02-16,0
PV,2020-02-16,1
RI,2020-02-16,0
VC,2020-02-16,1
AN,2020-02-17,2
AR,2020-02-17,1
AS,2020-02-17,0
CB,2020-02-17,0
CE,2020-02-17,0
CL,2020-02-17,0
CM,2020-02-17,0
CN,2020-02-17,0
CT,2020-02-17,2
EX,2020-02-17,1
GA,2020-02-17,0
IB,2020-02-17,0
MC,2020-02-17,3
MD,2020-02-17,19
ML,2020-02-17,0
NC,2020-02-17,0
PV,2020-02-17,2
RI,2020-02-17,0
VC,2020-02-17,5
AN,2020-02-18,3
AR,2020-02-18,1
AS,2020-02-18,0
CB,2020-02-18,0
CE,2020-02-18,0
CL,2020-02-18,1
CM,2020-02-18,0
CN,2020-02-18,1
CT,2020-02-18,4
EX,2020-02-18,0
GA,2020-02-18,1
IB,2020-02-18,0
MC,2020-02-18,1
MD,2020-02-18,14
ML,2020-02-18,0
NC,2020-02-18,0
PV,2020-02-18,0
RI,2020-02-18,0
VC,2020-02-18,2
AN,2020-02-19,1
AR,2020-02-19,0
AS,2020-02-19,0
CB,2020-02-19,0
CE,2020-02-19,0
CL,2020-02-19,1
CM,2020-02-19,0
CN,2020-02-19,1
CT,2020-02-19,1
EX,2020-02-19,1
GA,2020-02-19,1
IB,2020-02-19,0
MC,2020-02-19,1
MD,2020-02-19,12
ML,2020-02-19,0
NC,2020-02-19,0
PV,2020-02-19,1
RI,2020-02-19,0
VC,2020-02-19,2
AN,2020-02-20,8
AR,2020-02-20,0
AS,2020-02-20,0
CB,2020-02-20,0
CE,2020-02-20,0
CL,2020-02-20,3
CM,2020-02-20,2
CN,2020-02-20,1
CT,2020-02-20,11
EX,2020-02-20,1
GA,2020-02-20,3
IB,2020-02-20,1
MC,2020-02-20,0
MD,2020-02-20,22
ML,2020-02-20,0
NC,2020-02-20,1
PV,2020-02-20,1
RI,2020-02-20,0
VC,2020-02-20,6
AN,2020-02-21,5
AR,2020-02-21,2
AS,2020-02-21,0
CB,2020-02-21,0
CE,2020-02-21,0
CL,2020-02-21,5
CM,2020-02-21,0
CN,2020-02-21,0
CT,2020-02-21,14
EX,2020-02-21,1
GA,2020-02-21,0
IB,2020-02-21,0
MC,2020-02-21,0
MD,2020-02-21,27
ML,2020-02-21,0
NC,2020-02-21,2
PV,2020-02-21,3
RI,2020-02-21,1
VC,2020-02-21,3
AN,2020-02-22,2
AR,2020-02-22,3
AS,2020-02-22,0
CB,2020-02-22,0
CE,2020-02-22,0
CL,2020-02-22,2
CM,2020-02-22,0
CN,2020-02-22,0
CT,2020-02-22,11
EX,2020-02-22,0
GA,2020-02-22,3
IB,2020-02-22,0
MC,2020-02-22,1
MD,2020-02-22,29
ML,2020-02-22,0
NC,2020-02-22,1
PV,2020-02-22,3
RI,2020-02-22,0
VC,2020-02-22,2
AN,2020-02-23,2
AR,2020-02-23,1
AS,2020-02-23,1
CB,2020-02-23,1
CE,2020-02-23,0
CL,2020-02-23,5
CM,2020-02-23,0
CN,2020-02-23,2
CT,2020-02-23,8
EX,2020-02-23,0
GA,2020-02-23,0
IB,2020-02-23,0
MC,2020-02-23,1
MD,2020-02-23,44
ML,2020-02-23,0
NC,2020-02-23,1
PV,2020-02-23,1
RI,2020-02-23,1
VC,2020-02-23,5
AN,2020-02-24,5
AR,2020-02-24,1
AS,2020-02-24,0
CB,2020-02-24,0
CE,2020-02-24,0
CL,2020-02-24,5
CM,2020-02-24,5
CN,2020-02-24,0
CT,2020-02-24,14
EX,2020-02-24,0
GA,2020-02-24,1
IB,2020-02-24,0
MC,2020-02-24,2
MD,2020-02-24,57
ML,2020-02-24,0
NC,2020-02-24,3
PV,2020-02-24,6
RI,2020-02-24,2
VC,2020-02-24,15
AN,2020-02-25,9
AR,2020-02-25,2
AS,2020-02-25,1
CB,2020-02-25,8
CE,2020-02-25,0
CL,2020-02-25,6
CM,2020-02-25,5
CN,2020-02-25,2
CT,2020-02-25,21
EX,2020-02-25,5
GA,2020-02-25,3
IB,2020-02-25,0
MC,2020-02-25,3
MD,2020-02-25,50
ML,2020-02-25,0
NC,2020-02-25,4
PV,2020-02-25,12
RI,2020-02-25,2
VC,2020-02-25,10
AN,2020-02-26,9
AR,2020-02-26,2
AS,2020-02-26,0
CB,2020-02-26,0
CE,2020-02-26,0
CL,2020-02-26,8
CM,2020-02-26,6
CN,2020-02-26,7
CT,2020-02-26,31
EX,2020-02-26,1
GA,2020-02-26,3
IB,2020-02-26,1
MC,2020-02-26,1
MD,2020-02-26,68
ML,2020-02-26,0
NC,2020-02-26,5
PV,2020-02-26,10
RI,2020-02-26,4
VC,2020-02-26,9
AN,2020-02-27,11
AR,2020-02-27,0
AS,2020-02-27,0
CB,2020-02-27,0
CE,2020-02-27,0
CL,2020-02-27,7
CM,2020-02-27,9
CN,2020-02-27,1
CT,2020-02-27,15
EX,2020-02-27,3
GA,2020-02-27,7
IB,2020-02-27,4
MC,2020-02-27,1
MD,2020-02-27,94
ML,2020-02-27,0
NC,2020-02-27,5
PV,2020-02-27,14
RI,2020-02-27,9
VC,2020-02-27,15
AN,2020-02-28,8
AR,2020-02-28,4
AS,2020-02-28,1
CB,2020-02-28,0
CE,2020-02-28,0
CL,2020-02-28,11
CM,2020-02-28,13
CN,2020-02-28,8
CT,2020-02-28,35
EX,2020-02-28,7
GA,2020-02-28,6
IB,2020-02-28,4
MC,2020-02-28,3
MD,2020-02-28,162
ML,2020-02-28,0
NC,2020-02-28,3
PV,2020-02-28,33
RI,2020-02-28,10
VC,2020-02-28,28
AN,2020-02-29,9
AR,2020-02-29,6
AS,2020-02-29,2
CB,2020-02-29,1
CE,2020-02-29,0
CL,2020-02-29,10
CM,2020-02-29,15
CN,2020-02-29,6
CT,2020-02-29,27
EX,2020-02-29,5
GA,2020-02-29,1
IB,2020-02-29,2
MC,2020-02-29,3
MD,2020-02-29,107
ML,2020-02-29,0
NC,2020-02-29,5
PV,2020-02-29,24
RI,2020-02-29,13
VC,2020-02-29,17
AN,2020-03-01,34
AR,2020-03-01,8
AS,2020-03-01,2
CB,2020-03-01,1
CE,2020-03-01,0
CL,2020-03-01,33
CM,2020-03-01,65
CN,2020-03-01,7
CT,2020-03-01,86
EX,2020-03-01,5
GA,2020-03-01,6
IB,2020-03-01,4
MC,2020-03-01,5
MD,2020-03-01,320
ML,2020-03-01,0
NC,2020-03-01,13
PV,2020-03-01,47
RI,2020-03-01,22
VC,2020-03-01,44
AN,2020-03-02,33
AR,2020-03-02,14
AS,2020-03-02,3
CB,2020-03-02,0
CE,2020-03-02,0
CL,2020-03-02,44
CM,2020-03-02,62
CN,2020-03-02,12
CT,2020-03-02,81
EX,2020-03-02,7
GA,2020-03-02,19
IB,2020-03-02,6
MC,2020-03-02,8
MD,2020-03-02,382
ML,2020-03-02,0
NC,2020-03-02,15
PV,2020-03-02,56
RI,2020-03-02,30
VC,2020-03-02,46
AN,2020-03-03,42
AR,2020-03-03,7
AS,2020-03-03,2
CB,2020-03-03,0
CE,2020-03-03,2
CL,2020-03-03,29
CM,2020-03-03,49
CN,2020-03-03,8
CT,2020-03-03,89
EX,2020-03-03,9
GA,2020-03-03,16
IB,2020-03-03,7
MC,2020-03-03,6
MD,2020-03-03,394
ML,2020-03-03,0
NC,2020-03-03,18
PV,2020-03-03,57
RI,2020-03-03,28
VC,2020-03-03,37
AN,2020-03-04,34
AR,2020-03-04,14
AS,2020-03-04,2
CB,2020-03-04,0
CE,2020-03-04,0
CL,2020-03-04,35
CM,2020-03-04,62
CN,2020-03-04,14
CT,2020-03-04,148
EX,2020-03-04,9
GA,2020-03-04,14
IB,2020-03-04,5
MC,2020-03-04,11
MD,2020-03-04,462
ML,2020-03-04,0
NC,2020-03-04,22
PV,2020-03-04,68
RI,2020-03-04,25
VC,2020-03-04,37
AN,2020-03-05,61
AR,2020-03-05,10
AS,2020-03-05,5
CB,2020-03-05,0
CE,2020-03-05,1
CL,2020-03-05,55
CM,2020-03-05,79
CN,2020-03-05,16
CT,2020-03-05,174
EX,2020-03-05,6
GA,2020-03-05,19
IB,2020-03-05,12
MC,2020-03-05,14
MD,2020-03-05,650
ML,2020-03-05,1
NC,2020-03-05,28
PV,2020-03-05,75
RI,2020-03-05,27
VC,2020-03-05,56
AN,2020-03-06,73
AR,2020-03-06,15
AS,2020-03-06,12
CB,2020-03-06,9
CE,2020-03-06,0
CL,2020-03-06,57
CM,2020-03-06,105
CN,2020-03-06,25
CT,2020-03-06,270
EX,2020-03-06,20
GA,2020-03-06,26
IB,2020-03-06,10
MC,2020-03-06,13
MD,2020-03-06,785
ML,2020-03-06,1
NC,2020-03-06,26
PV,2020-03-06,81
RI,2020-03-06,45
VC,2020-03-06,78
AN,2020-03-07,77
AR,2020-03-07,21
AS,2020-03-07,12
CB,2020-03-07,12
CE,2020-03-07,0
CL,2020-03-07,83
CM,2020-03-07,144
CN,2020-03-07,19
CT,2020-03-07,293
EX,2020-03-07,16
GA,2020-03-07,33
IB,2020-03-07,7
MC,2020-03-07,20
MD,2020-03-07,839
ML,2020-03-07,3
NC,2020-03-07,49
PV,2020-03-07,92
RI,2020-03-07,39
VC,2020-03-07,80
AN,2020-03-08,87
AR,2020-03-08,36
AS,2020-03-08,14
CB,2020-03-08,17
CE,2020-03-08,1
CL,2020-03-08,80
CM,2020-03-08,163
CN,2020-03-08,35
CT,2020-03-08,332
EX,2020-03-08,19
GA,2020-03-08,38
IB,2020-03-08,14
MC,2020-03-08,19
MD,2020-03-08,1051
ML,2020-03-08,1
NC,2020-03-08,51
PV,2020-03-08,101
RI,2020-03-08,41
VC,2020-03-08,118
AN,2020-03-09,169
AR,2020-03-09,36
AS,2020-03-09,32
CB,2020-03-09,9
CE,2020-03-09,1
CL,2020-03-09,166
CM,2020-03-09,215
CN,2020-03-09,47
CT,2020-03-09,568
EX,2020-03-09,38
GA,2020-03-09,83
IB,2020-03-09,17
MC,2020-03-09,32
MD,2020-03-09,1510
ML,2020-03-09,2
NC,2020-03-09,97
PV,2020-03-09,143
RI,2020-03-09,60
VC,2020-03-09,188
AN,2020-03-10,221
AR,2020-03-10,52
AS,2020-03-10,52
CB,2020-03-10,3
CE,2020-03-10,1
CL,2020-03-10,213
CM,2020-03-10,302
CN,2020-03-10,56
CT,2020-03-10,797
EX,2020-03-10,47
GA,2020-03-10,119
IB,2020-03-10,36
MC,2020-03-10,64
MD,2020-03-10,1973
ML,2020-03-10,5
NC,2020-03-10,109
PV,2020-03-10,227
RI,2020-03-10,88
VC,2020-03-10,306
AN,2020-03-11,263
AR,2020-03-11,66
AS,2020-03-11,43
CB,2020-03-11,17
CE,2020-03-11,3
CL,2020-03-11,255
CM,2020-03-11,330
CN,2020-03-11,60
CT,2020-03-11,758
EX,2020-03-11,74
GA,2020-03-11,132
IB,2020-03-11,42
MC,2020-03-11,74
MD,2020-03-11,1962
ML,2020-03-11,4
NC,2020-03-11,130
PV,2020-03-11,226
RI,2020-03-11,70
VC,2020-03-11,294
AN,2020-03-12,318
AR,2020-03-12,79
AS,2020-03-12,57
CB,2020-03-12,36
CE,2020-03-12,1
CL,2020-03-12,344
CM,2020-03-12,462
CN,2020-03-12,73
CT,2020-03-12,1029
EX,2020-03-12,88
GA,2020-03-12,181
IB,2020-03-12,42
MC,2020-03-12,62
MD,2020-03-12,2331
ML,2020-03-12,3
NC,2020-03-12,182
PV,2020-03-12,272
RI,2020-03-12,74
VC,2020-03-12,390
AN,2020-03-13,487
AR,2020-03-13,114
AS,2020-03-13,70
CB,2020-03-13,54
CE,2020-03-13,6
CL,2020-03-13,505
CM,2020-03-13,633
CN,2020-03-13,109
CT,2020-03-13,1363
EX,2020-03-13,95
GA,2020-03-13,243
IB,2020-03-13,61
MC,2020-03-13,104
MD,2020-03-13,2826
ML,2020-03-13,10
NC,2020-03-13,211
PV,2020-03-13,426
RI,2020-03-13,107
VC,2020-03-13,497
AN,2020-03-14,420
AR,2020-03-14,107
AS,2020-03-14,81
CB,2020-03-14,59
CE,2020-03-14,4
CL,2020-03-14,521
CM,2020-03-14,618
CN,2020-03-14,97
CT,2020-03-14,1324
EX,2020-03-14,91
GA,2020-03-14,240
IB,2020-03-14,71
MC,2020-03-14,108
MD,2020-03-14,2544
ML,2020-03-14,4
NC,2020-03-14,177
PV,2020-03-14,419
RI,2020-03-14,138
VC,2020-03-14,496
AN,2020-03-15,450
AR,2020-03-15,127
AS,2020-03-15,89
CB,2020-03-15,68
CE,2020-03-15,2
CL,2020-03-15,535
CM,2020-03-15,786
CN,2020-03-15,91
CT,2020-03-15,1369
EX,2020-03-15,86
GA,2020-03-15,270
IB,2020-03-15,85
MC,2020-03-15,96
MD,2020-03-15,2657
ML,2020-03-15,3
NC,2020-03-15,262
PV,2020-03-15,431
RI,2020-03-15,111
VC,2020-03-15,530
AN,2020-03-16,572
AR,2020-03-16,166
AS,2020-03-16,106
CB,2020-03-16,71
CE,2020-03-16,6
CL,2020-03-16,780
CM,2020-03-16,816
CN,2020-03-16,132
CT,2020-03-16,1710
EX,2020-03-16,118
GA,2020-03-16,389
IB,2020-03-16,88
MC,2020-03-16,130
MD,2020-03-16,2951
ML,2020-03-16,6
NC,2020-03-16,274
PV,2020-03-16,597
RI,2020-03-16,157
VC,2020-03-16,635
AN,2020-03-17,574
AR,2020-03-17,157
AS,2020-03-17,80
CB,2020-03-17,76
CE,2020-03-17,5
CL,2020-03-17,730
CM,2020-03-17,747
CN,2020-03-17,93
CT,2020-03-17,1565
EX,2020-03-17,109
GA,2020-03-17,328
IB,2020-03-17,82
MC,2020-03-17,103
MD,2020-03-17,2776
ML,2020-03-17,3
NC,2020-03-17,267
PV,2020-03-17,538
RI,2020-03-17,122
VC,2020-03-17,559
AN,2020-03-18,530
AR,2020-03-18,167
AS,2020-03-18,91
CB,2020-03-18,89
CE,2020-03-18,6
CL,2020-03-18,814
CM,2020-03-18,807
CN,2020-03-18,117
CT,2020-03-18,1686
EX,2020-03-18,127
GA,2020-03-18,309
IB,2020-03-18,81
MC,2020-03-18,120
MD,2020-03-18,2627
ML,2020-03-18,6
NC,2020-03-18,250
PV,2020-03-18,553
RI,2020-03-18,143
VC,2020-03-18,532
AN,2020-03-19,555
AR,2020-03-19,166
AS,2020-03-19,101
CB,2020-03-19,177
CE,2020-03-19,5
CL,2020-03-19,866
CM,2020-03-19,757
CN,2020-03-19,78
CT,2020-03-19,1609
EX,2020-03-19,127
GA,2020-03-19,294
IB,2020-03-19,105
MC,2020-03-19,118
MD,2020-03-19,2424
ML,2020-03-19,6
NC,2020-03-19,233
PV,2020-03-19,465
RI,2020-03-19,168
VC,2020-03-19,498
AN,2020-03-20,794
AR,2020-03-20,236
AS,2020-03-20,83
CB,2020-03-20,143
CE,2020-03-20,7
CL,2020-03-20,953
CM,2020-03-20,947
CN,2020-03-20,117
CT,2020-03-20,1896
EX,2020-03-20,173
GA,2020-03-20,471
IB,2020-03-20,97
MC,2020-03-20,122
MD,2020-03-20,3091
ML,2020-03-20,4
NC,2020-03-20,326
PV,2020-03-20,611
RI,2020-03-20,191
VC,2020-03-20,572
AN,2020-03-21,543
AR,2020-03-21,177
AS,2020-03-21,68
CB,2020-03-21,99
CE,2020-03-21,7
CL,2020-03-21,765
CM,2020-03-21,631
CN,2020-03-21,86
CT,2020-03-21,1461
EX,2020-03-21,133
GA,2020-03-21,277
IB,2020-03-21,62
MC,2020-03-21,83
MD,2020-03-21,1911
ML,2020-03-21,3
NC,2020-03-21,206
PV,2020-03-21,433
RI,2020-03-21,133
VC,2020-03-21,453
AN,2020-03-22,522
AR,2020-03-22,166
AS,2020-03-22,75
CB,2020-03-22,84
CE,2020-03-22,7
CL,2020-03-22,706
CM,2020-03-22,682
CN,2020-03-22,75
CT,2020-03-22,1308
EX,2020-03-22,131
GA,2020-03-22,250
IB,2020-03-22,91
MC,2020-03-22,79
MD,2020-03-22,1642
ML,2020-03-22,5
NC,2020-03-22,194
PV,2020-03-22,394
RI,2020-03-22,108
VC,2020-03-22,397
AN,2020-03-23,562
AR,2020-03-23,268
AS,2020-03-23,70
CB,2020-03-23,87
CE,2020-03-23,9
CL,2020-03-23,770
CM,2020-03-23,766
CN,2020-03-23,97
CT,2020-03-23,1508
EX,2020-03-23,245
GA,2020-03-23,385
IB,2020-03-23,82
MC,2020-03-23,128
MD,2020-03-23,2118
ML,2020-03-23,5
NC,2020-03-23,242
PV,2020-03-23,483
RI,2020-03-23,158
VC,2020-03-23,484
AN,2020-03-24,491
AR,2020-03-24,191
AS,2020-03-24,58
CB,2020-03-24,57
CE,2020-03-24,8
CL,2020-03-24,663
CM,2020-03-24,659
CN,2020-03-24,63
CT,2020-03-24,1413
EX,2020-03-24,161
GA,2020-03-24,295
IB,2020-03-24,66
MC,2020-03-24,78
MD,2020-03-24,1980
ML,2020-03-24,1
NC,2020-03-24,278
PV,2020-03-24,396
RI,2020-03-24,118
VC,2020-03-24,339
AN,2020-03-25,521
AR,2020-03-25,189
AS,2020-03-25,57
CB,2020-03-25,57
CE,2020-03-25,9
CL,2020-03-25,696
CM,2020-03-25,672
CN,2020-03-25,55
CT,2020-03-25,1324
EX,2020-03-25,153
GA,2020-03-25,288
IB,2020-03-25,84
MC,2020-03-25,84
MD,2020-03-25,1771
ML,2020-03-25,4
NC,2020-03-25,242
PV,2020-03-25,409
RI,2020-03-25,131
VC,2020-03-25,410
AN,2020-03-26,471
AR,2020-03-26,166
AS,2020-03-26,77
CB,2020-03-26,39
CE,2020-03-26,5
CL,2020-03-26,555
CM,2020-03-26,593
CN,2020-03-26,62
CT,2020-03-26,1390
EX,2020-03-26,138
GA,2020-03-26,300
IB,2020-03-26,73
MC,2020-03-26,46
MD,2020-03-26,1545
ML,2020-03-26,6
NC,2020-03-26,167
PV,2020-03-26,364
RI,2020-03-26,114
VC,2020-03-26,311
AN,2020-03-27,422
AR,2020-03-27,212
AS,2020-03-27,70
CB,2020-03-27,74
CE,2020-03-27,2
CL,2020-03-27,524
CM,2020-03-27,514
CN,2020-03-27,71
CT,2020-03-27,1252
EX,2020-03-27,109
GA,2020-03-27,306
IB,2020-03-27,40
MC,2020-03-27,51
MD,2020-03-27,1486
ML,2020-03-27,5
NC,2020-03-27,161
PV,2020-03-27,397
RI,2020-03-27,129
VC,2020-03-27,333
AN,2020-03-28,324
AR,2020-03-28,146
AS,2020-03-28,53
CB,2020-03-28,68
CE,2020-03-28,5
CL,2020-03-28,522
CM,2020-03-28,422
CN,2020-03-28,36
CT,2020-03-28,1327
EX,2020-03-28,96
GA,2020-03-28,336
IB,2020-03-28,36
MC,2020-03-28,40
MD,2020-03-28,1246
ML,2020-03-28,4
NC,2020-03-28,140
PV,2020-03-28,290
RI,2020-03-28,100
VC,2020-03-28,245
AN,2020-03-29,340
AR,2020-03-29,137
AS,2020-03-29,40
CB,2020-03-29,39
CE,2020-03-29,7
CL,2020-03-29,423
CM,2020-03-29,379
CN,2020-03-29,42
CT,2020-03-29,1041
EX,2020-03-29,62
GA,2020-03-29,198
IB,2020-03-29,37
MC,2020-03-29,35
MD,2020-03-29,865
ML,2020-03-29,5
NC,2020-03-29,96
PV,2020-03-29,268
RI,2020-03-29,87
VC,2020-03-29,217
AN,2020-03-30,341
AR,2020-03-30,127
AS,2020-03-30,45
CB,2020-03-30,27
CE,2020-03-30,5
CL,2020-03-30,495
CM,2020-03-30,528
CN,2020-03-30,51
CT,2020-03-30,1204
EX,2020-03-30,107
GA,2020-03-30,282
IB,2020-03-30,66
MC,2020-03-30,41
MD,2020-03-30,1081
ML,2020-03-30,3
NC,2020-03-30,245
PV,2020-03-30,321
RI,2020-03-30,117
VC,2020-03-30,256
AN,2020-03-31,253
AR,2020-03-31,116
AS,2020-03-31,42
CB,2020-03-31,33
CE,2020-03-31,2
CL,2020-03-31,399
CM,2020-03-31,415
CN,2020-03-31,28
CT,2020-03-31,1131
EX,2020-03-31,61
GA,2020-03-31,167
IB,2020-03-31,48
MC,2020-03-31,30
MD,2020-03-31,1074
ML,2020-03-31,3
NC,2020-03-31,151
PV,2020-03-31,266
RI,2020-03-31,108
VC,2020-03-31,180
AN,2020-04-01,354
AR,2020-04-01,157
AS,2020-04-01,29
CB,2020-04-01,72
CE,2020-04-01,8
CL,2020-04-01,561
CM,2020-04-01,469
CN,2020-04-01,51
CT,2020-04-01,1280
EX,2020-04-01,134
GA,2020-04-01,240
IB,2020-04-01,84
MC,2020-04-01,28
MD,2020-04-01,1339
ML,2020-04-01,5
NC,2020-04-01,233
PV,2020-04-01,288
RI,2020-04-01,108
VC,2020-04-01,238
AN,2020-04-02,262
AR,2020-04-02,127
AS,2020-04-02,54
CB,2020-04-02,53
CE,2020-04-02,2
CL,2020-04-02,516
CM,2020-04-02,368
CN,2020-04-02,34
CT,2020-04-02,1066
EX,2020-04-02,76
GA,2020-04-02,266
IB,2020-04-02,35
MC,2020-04-02,30
MD,2020-04-02,1001
ML,2020-04-02,3
NC,2020-04-02,144
PV,2020-04-02,256
RI,2020-04-02,100
VC,2020-04-02,217
AN,2020-04-03,202
AR,2020-04-03,109
AS,2020-04-03,38
CB,2020-04-03,34
CE,2020-04-03,2
CL,2020-04-03,566
CM,2020-04-03,340
CN,2020-04-03,17
CT,2020-04-03,1210
EX,2020-04-03,104
GA,2020-04-03,209
IB,2020-04-03,47
MC,2020-04-03,26
MD,2020-04-03,930
ML,2020-04-03,4
NC,2020-04-03,138
PV,2020-04-03,330
RI,2020-04-03,79
VC,2020-04-03,215
AN,2020-04-04,317
AR,2020-04-04,94
AS,2020-04-04,45
CB,2020-04-04,62
CE,2020-04-04,2
CL,2020-04-04,569
CM,2020-04-04,385
CN,2020-04-04,29
CT,2020-04-04,967
EX,2020-04-04,75
GA,2020-04-04,134
IB,2020-04-04,25
MC,2020-04-04,21
MD,2020-04-04,711
ML,2020-04-04,3
NC,2020-04-04,88
PV,2020-04-04,215
RI,2020-04-04,55
VC,2020-04-04,143
AN,2020-04-05,276
AR,2020-04-05,95
AS,2020-04-05,43
CB,2020-04-05,25
CE,2020-04-05,2
CL,2020-04-05,391
CM,2020-04-05,464
CN,2020-04-05,17
CT,2020-04-05,845
EX,2020-04-05,53
GA,2020-04-05,118
IB,2020-04-05,30
MC,2020-04-05,29
MD,2020-04-05,634
ML,2020-04-05,1
NC,2020-04-05,101
PV,2020-04-05,229
RI,2020-04-05,36
VC,2020-04-05,122
AN,2020-04-06,186
AR,2020-04-06,124
AS,2020-04-06,41
CB,2020-04-06,28
CE,2020-04-06,3
CL,2020-04-06,594
CM,2020-04-06,420
CN,2020-04-06,13
CT,2020-04-06,818
EX,2020-04-06,78
GA,2020-04-06,184
IB,2020-04-06,26
MC,2020-04-06,15
MD,2020-04-06,623
ML,2020-04-06,0
NC,2020-04-06,149
PV,2020-04-06,298
RI,2020-04-06,41
VC,2020-04-06,180
AN,2020-04-07,266
AR,2020-04-07,108
AS,2020-04-07,45
CB,2020-04-07,13
CE,2020-04-07,2
CL,2020-04-07,429
CM,2020-04-07,365
CN,2020-04-07,26
CT,2020-04-07,744
EX,2020-04-07,72
GA,2020-04-07,154
IB,2020-04-07,19
MC,2020-04-07,10
MD,2020-04-07,746
ML,2020-04-07,2
NC,2020-04-07,118
PV,2020-04-07,241
RI,2020-04-07,52
VC,2020-04-07,171
AN,2020-04-08,250
AR,2020-04-08,110
AS,2020-04-08,48
CB,2020-04-08,26
CE,2020-04-08,1
CL,2020-04-08,508
CM,2020-04-08,366
CN,2020-04-08,16
CT,2020-04-08,993
EX,2020-04-08,83
GA,2020-04-08,150
IB,2020-04-08,23
MC,2020-04-08,40
MD,2020-04-08,680
ML,2020-04-08,0
NC,2020-04-08,118
PV,2020-04-08,243
RI,2020-04-08,45
VC,2020-04-08,169
AN,2020-04-09,137
AR,2020-04-09,101
AS,2020-04-09,43
CB,2020-04-09,23
CE,2020-04-09,3
CL,2020-04-09,537
CM,2020-04-09,350
CN,2020-04-09,26
CT,2020-04-09,1048
EX,2020-04-09,76
GA,2020-04-09,159
IB,2020-04-09,11
MC,2020-04-09,26
MD,2020-04-09,637
ML,2020-04-09,0
NC,2020-04-09,112
PV,2020-04-09,214
RI,2020-04-09,44
VC,2020-04-09,173
AN,2020-04-10,218
AR,2020-04-10,84
AS,2020-04-10,57
CB,2020-04-10,29
CE,2020-04-10,1
CL,2020-04-10,558
CM,2020-04-10,300
CN,2020-04-10,14
CT,2020-04-10,1008
EX,2020-04-10,98
GA,2020-04-10,80
IB,2020-04-10,21
MC,2020-04-10,12
MD,2020-04-10,708
ML,2020-04-10,1
NC,2020-04-10,106
PV,2020-04-10,199
RI,2020-04-10,40
VC,2020-04-10,141
AN,2020-04-11,162
AR,2020-04-11,64
AS,2020-04-11,53
CB,2020-04-11,24
CE,2020-04-11,2
CL,2020-04-11,481
CM,2020-04-11,158
CN,2020-04-11,14
CT,2020-04-11,1060
EX,2020-04-11,72
GA,2020-04-11,66
IB,2020-04-11,15
MC,2020-04-11,12
MD,2020-04-11,571
ML,2020-04-11,0
NC,2020-04-11,84
PV,2020-04-11,140
RI,2020-04-11,25
VC,2020-04-11,133
AN,2020-04-12,128
AR,2020-04-12,54
AS,2020-04-12,23
CB,2020-04-12,46
CE,2020-04-12,0
CL,2020-04-12,326
CM,2020-04-12,229
CN,2020-04-12,8
CT,2020-04-12,667
EX,2020-04-12,47
GA,2020-04-12,66
IB,2020-04-12,15
MC,2020-04-12,11
MD,2020-04-12,495
ML,2020-04-12,1
NC,2020-04-12,90
PV,2020-04-12,153
RI,2020-04-12,22
VC,2020-04-12,84
AN,2020-04-13,110
AR,2020-04-13,83
AS,2020-04-13,32
CB,2020-04-13,35
CE,2020-04-13,2
CL,2020-04-13,511
CM,2020-04-13,329
CN,2020-04-13,13
CT,2020-04-13,596
EX,2020-04-13,68
GA,2020-04-13,110
IB,2020-04-13,15
MC,2020-04-13,7
MD,2020-04-13,381
ML,2020-04-13,1
NC,2020-04-13,87
PV,2020-04-13,130
RI,2020-04-13,29
VC,2020-04-13,99
AN,2020-04-14,209
AR,2020-04-14,53
AS,2020-04-14,30
CB,2020-04-14,14
CE,2020-04-14,0
CL,2020-04-14,460
CM,2020-04-14,238
CN,2020-04-14,13
CT,2020-04-14,720
EX,2020-04-14,87
GA,2020-04-14,100
IB,2020-04-14,10
MC,2020-04-14,7
MD,2020-04-14,492
ML,2020-04-14,0
NC,2020-04-14,100
PV,2020-04-14,104
RI,2020-04-14,24
VC,2020-04-14,98
AN,2020-04-15,216
AR,2020-04-15,76
AS,2020-04-15,40
CB,2020-04-15,17
CE,2020-04-15,0
CL,2020-04-15,342
CM,2020-04-15,180
CN,2020-04-15,15
CT,2020-04-15,745
EX,2020-04-15,97
GA,2020-04-15,199
IB,2020-04-15,9
MC,2020-04-15,9
MD,2020-04-15,503
ML,2020-04-15,0
NC,2020-04-15,78
PV,2020-04-15,109
RI,2020-04-15,16
VC,2020-04-15,151
AN,2020-04-16,175
AR,2020-04-16,63
AS,2020-04-16,12
CB,2020-04-16,18
CE,2020-04-16,1
CL,2020-04-16,297
CM,2020-04-16,129
CN,2020-04-16,15
CT,2020-04-16,711
EX,2020-04-16,69
GA,2020-04-16,108
IB,2020-04-16,14
MC,2020-04-16,1
MD,2020-04-16,596
ML,2020-04-16,0
NC,2020-04-16,61
PV,2020-04-16,128
RI,2020-04-16,29
VC,2020-04-16,130
AN,2020-04-17,141
AR,2020-04-17,71
AS,2020-04-17,12
CB,2020-04-17,26
CE,2020-04-17,1
CL,2020-04-17,204
CM,2020-04-17,147
CN,2020-04-17,8
CT,2020-04-17,608
EX,2020-04-17,101
GA,2020-04-17,98
IB,2020-04-17,11
MC,2020-04-17,6
MD,2020-04-17,389
ML,2020-04-17,0
NC,2020-04-17,86
PV,2020-04-17,150
RI,2020-04-17,25
VC,2020-04-17,157
AN,2020-04-18,135
AR,2020-04-18,57
AS,2020-04-18,9
CB,2020-04-18,13
CE,2020-04-18,1
CL,2020-04-18,170
CM,2020-04-18,98
CN,2020-04-18,9
CT,2020-04-18,451
EX,2020-04-18,91
GA,2020-04-18,107
IB,2020-04-18,14
MC,2020-04-18,5
MD,2020-04-18,466
ML,2020-04-18,0
NC,2020-04-18,65
PV,2020-04-18,108
RI,2020-04-18,17
VC,2020-04-18,198
AN,2020-04-19,74
AR,2020-04-19,43
AS,2020-04-19,6
CB,2020-04-19,15
CE,2020-04-19,0
CL,2020-04-19,218
CM,2020-04-19,110
CN,2020-04-19,15
CT,2020-04-19,265
EX,2020-04-19,48
GA,2020-04-19,57
IB,2020-04-19,10
MC,2020-04-19,4
MD,2020-04-19,264
ML,2020-04-19,0
NC,2020-04-19,46
PV,2020-04-19,54
RI,2020-04-19,14
VC,2020-04-19,71
AN,2020-04-20,77
AR,2020-04-20,49
AS,2020-04-20,7
CB,2020-04-20,24
CE,2020-04-20,1
CL,2020-04-20,260
CM,2020-04-20,144
CN,2020-04-20,16
CT,2020-04-20,365
EX,2020-04-20,49
GA,2020-04-20,89
IB,2020-04-20,18
MC,2020-04-20,2
MD,2020-04-20,278
ML,2020-04-20,2
NC,2020-04-20,63
PV,2020-04-20,82
RI,2020-04-20,9
VC,2020-04-20,71
AN,2020-04-21,154
AR,2020-04-21,132
AS,2020-04-21,16
CB,2020-04-21,10
CE,2020-04-21,2
CL,2020-04-21,278
CM,2020-04-21,147
CN,2020-04-21,7
CT,2020-04-21,199
EX,2020-04-21,69
GA,2020-04-21,98
IB,2020-04-21,11
MC,2020-04-21,6
MD,2020-04-21,476
ML,2020-04-21,0
NC,2020-04-21,30
PV,2020-04-21,78
RI,2020-04-21,6
VC,2020-04-21,179
AN,2020-04-22,134
AR,2020-04-22,101
AS,2020-04-22,8
CB,2020-04-22,26
CE,2020-04-22,3
CL,2020-04-22,256
CM,2020-04-22,150
CN,2020-04-22,7
CT,2020-04-22,325
EX,2020-04-22,84
GA,2020-04-22,134
IB,2020-04-22,8
MC,2020-04-22,8
MD,2020-04-22,457
ML,2020-04-22,1
NC,2020-04-22,53
PV,2020-04-22,65
RI,2020-04-22,15
VC,2020-04-22,157
AN,2020-04-23,168
AR,2020-04-23,28
AS,2020-04-23,9
CB,2020-04-23,26
CE,2020-04-23,3
CL,2020-04-23,211
CM,2020-04-23,88
CN,2020-04-23,5
CT,2020-04-23,274
EX,2020-04-23,84
GA,2020-04-23,124
IB,2020-04-23,5
MC,2020-04-23,12
MD,2020-04-23,368
ML,2020-04-23,0
NC,2020-04-23,56
PV,2020-04-23,66
RI,2020-04-23,13
VC,2020-04-23,191
AN,2020-04-24,169
AR,2020-04-24,25
AS,2020-04-24,17
CB,2020-04-24,13
CE,2020-04-24,1
CL,2020-04-24,292
CM,2020-04-24,56
CN,2020-04-24,11
CT,2020-04-24,272
EX,2020-04-24,112
GA,2020-04-24,124
IB,2020-04-24,9
MC,2020-04-24,6
MD,2020-04-24,238
ML,2020-04-24,1
NC,2020-04-24,62
PV,2020-04-24,97
RI,2020-04-24,4
VC,2020-04-24,230
AN,2020-04-25,57
AR,2020-04-25,33
AS,2020-04-25,3
CB,2020-04-25,12
CE,2020-04-25,1
CL,2020-04-25,139
CM,2020-04-25,49
CN,2020-04-25,4
CT,2020-04-25,173
EX,2020-04-25,87
GA,2020-04-25,36
IB,2020-04-25,11
MC,2020-04-25,3
MD,2020-04-25,131
ML,2020-04-25,1
NC,2020-04-25,39
PV,2020-04-25,47
RI,2020-04-25,5
VC,2020-04-25,106
AN,2020-04-26,36
AR,2020-04-26,21
AS,2020-04-26,5
CB,2020-04-26,4
CE,2020-04-26,0
CL,2020-04-26,108
CM,2020-04-26,95
CN,2020-04-26,2
CT,2020-04-26,138
EX,2020-04-26,24
GA,2020-04-26,26
IB,2020-04-26,0
MC,2020-04-26,6
MD,2020-04-26,123
ML,2020-04-26,0
NC,2020-04-26,12
PV,2020-04-26,42
RI,2020-04-26,4
VC,2020-04-26,38
AN,2020-04-27,45
AR,2020-04-27,64
AS,2020-04-27,5
CB,2020-04-27,2
CE,2020-04-27,1
CL,2020-04-27,132
CM,2020-04-27,104
CN,2020-04-27,3
CT,2020-04-27,142
EX,2020-04-27,20
GA,2020-04-27,57
IB,2020-04-27,3
MC,2020-04-27,1
MD,2020-04-27,182
ML,2020-04-27,0
NC,2020-04-27,23
PV,2020-04-27,30
RI,2020-04-27,4
VC,2020-04-27,51
AN,2020-04-28,130
AR,2020-04-28,126
AS,2020-04-28,10
CB,2020-04-28,5
CE,2020-04-28,2
CL,2020-04-28,323
CM,2020-04-28,93
CN,2020-04-28,4
CT,2020-04-28,158
EX,2020-04-28,26
GA,2020-04-28,80
IB,2020-04-28,5
MC,2020-04-28,16
MD,2020-04-28,230
ML,2020-04-28,0
NC,2020-04-28,32
PV,2020-04-28,49
RI,2020-04-28,10
VC,2020-04-28,120
AN,2020-04-29,162
AR,2020-04-29,39
AS,2020-04-29,3
CB,2020-04-29,4
CE,2020-04-29,4
CL,2020-04-29,244
CM,2020-04-29,71
CN,2020-04-29,4
CT,2020-04-29,150
EX,2020-04-29,59
GA,2020-04-29,113
IB,2020-04-29,3
MC,2020-04-29,10
MD,2020-04-29,212
ML,2020-04-29,1
NC,2020-04-29,50
PV,2020-04-29,39
RI,2020-04-29,5
VC,2020-04-29,138
AN,2020-04-30,119
AR,2020-04-30,38
AS,2020-04-30,10
CB,2020-04-30,12
CE,2020-04-30,0
CL,2020-04-30,235
CM,2020-04-30,75
CN,2020-04-30,4
CT,2020-04-30,188
EX,2020-04-30,86
GA,2020-04-30,96
IB,2020-04-30,5
MC,2020-04-30,25
MD,2020-04-30,173
ML,2020-04-30,1
NC,2020-04-30,57
PV,2020-04-30,33
RI,2020-04-30,2
VC,2020-04-30,114
AN,2020-05-01,100
AR,2020-05-01,15
AS,2020-05-01,2
CB,2020-05-01,16
CE,2020-05-01,1
CL,2020-05-01,336
CM,2020-05-01,21
CN,2020-05-01,9
CT,2020-05-01,162
EX,2020-05-01,97
GA,2020-05-01,108
IB,2020-05-01,10
MC,2020-05-01,8
MD,2020-05-01,192
ML,2020-05-01,0
NC,2020-05-01,72
PV,2020-05-01,40
RI,2020-05-01,1
VC,2020-05-01,94
AN,2020-05-02,95
AR,2020-05-02,20
AS,2020-05-02,3
CB,2020-05-02,0
CE,2020-05-02,2
CL,2020-05-02,344
CM,2020-05-02,17
CN,2020-05-02,5
CT,2020-05-02,154
EX,2020-05-02,58
GA,2020-05-02,84
IB,2020-05-02,3
MC,2020-05-02,17
MD,2020-05-02,166
ML,2020-05-02,0
NC,2020-05-02,70
PV,2020-05-02,50
RI,2020-05-02,2
VC,2020-05-02,110
AN,2020-05-03,27
AR,2020-05-03,17
AS,2020-05-03,3
CB,2020-05-03,3
CE,2020-05-03,0
CL,2020-05-03,113
CM,2020-05-03,48
CN,2020-05-03,0
CT,2020-05-03,136
EX,2020-05-03,11
GA,2020-05-03,45
IB,2020-05-03,4
MC,2020-05-03,4
MD,2020-05-03,71
ML,2020-05-03,0
NC,2020-05-03,23
PV,2020-05-03,35
RI,2020-05-03,2
VC,2020-05-03,45
AN,2020-05-04,49
AR,2020-05-04,30
AS,2020-05-04,4
CB,2020-05-04,1
CE,2020-05-04,0
CL,2020-05-04,92
CM,2020-05-04,21
CN,2020-05-04,3
CT,2020-05-04,114
EX,2020-05-04,20
GA,2020-05-04,75
IB,2020-05-04,1
MC,2020-05-04,2
MD,2020-05-04,94
ML,2020-05-04,0
NC,2020-05-04,20
PV,2020-05-04,18
RI,2020-05-04,2
VC,2020-05-04,28
AN,2020-05-05,83
AR,2020-05-05,43
AS,2020-05-05,6
CB,2020-05-05,10
CE,2020-05-05,1
CL,2020-05-05,50
CM,2020-05-05,25
CN,2020-05-05,4
CT,2020-05-05,95
EX,2020-05-05,41
GA,2020-05-05,137
IB,2020-05-05,10
MC,2020-05-05,3
MD,2020-05-05,165
ML,2020-05-05,0
NC,2020-05-05,8
PV,2020-05-05,31
RI,2020-05-05,0
VC,2020-05-05,31
AN,2020-05-06,39
AR,2020-05-06,49
AS,2020-05-06,4
CB,2020-05-06,5
CE,2020-05-06,2
CL,2020-05-06,44
CM,2020-05-06,29
CN,2020-05-06,1
CT,2020-05-06,93
EX,2020-05-06,41
GA,2020-05-06,69
IB,2020-05-06,5
MC,2020-05-06,5
MD,2020-05-06,179
ML,2020-05-06,0
NC,2020-05-06,10
PV,2020-05-06,32
RI,2020-05-06,3
VC,2020-05-06,22
AN,2020-05-07,34
AR,2020-05-07,32
AS,2020-05-07,3
CB,2020-05-07,0
CE,2020-05-07,1
CL,2020-05-07,70
CM,2020-05-07,36
CN,2020-05-07,5
CT,2020-05-07,148
EX,2020-05-07,57
GA,2020-05-07,53
IB,2020-05-07,11
MC,2020-05-07,4
MD,2020-05-07,165
ML,2020-05-07,0
NC,2020-05-07,7
PV,2020-05-07,38
RI,2020-05-07,3
VC,2020-05-07,20
AN,2020-05-08,20
AR,2020-05-08,25
AS,2020-05-08,5
CB,2020-05-08,2
CE,2020-05-08,0
CL,2020-05-08,58
CM,2020-05-08,29
CN,2020-05-08,2
CT,2020-05-08,173
EX,2020-05-08,34
GA,2020-05-08,45
IB,2020-05-08,7
MC,2020-05-08,3
MD,2020-05-08,144
ML,2020-05-08,0
NC,2020-05-08,22
PV,2020-05-08,34
RI,2020-05-08,3
VC,2020-05-08,23
AN,2020-05-09,22
AR,2020-05-09,15
AS,2020-05-09,4
CB,2020-05-09,1
CE,2020-05-09,0
CL,2020-05-09,39
CM,2020-05-09,35
CN,2020-05-09,4
CT,2020-05-09,176
EX,2020-05-09,53
GA,2020-05-09,24
IB,2020-05-09,6
MC,2020-05-09,1
MD,2020-05-09,104
ML,2020-05-09,0
NC,2020-05-09,10
PV,2020-05-09,28
RI,2020-05-09,2
VC,2020-05-09,17
AN,2020-05-10,7
AR,2020-05-10,10
AS,2020-05-10,1
CB,2020-05-10,5
CE,2020-05-10,0
CL,2020-05-10,32
CM,2020-05-10,20
CN,2020-05-10,5
CT,2020-05-10,117
EX,2020-05-10,6
GA,2020-05-10,11
IB,2020-05-10,7
MC,2020-05-10,1
MD,2020-05-10,55
ML,2020-05-10,0
NC,2020-05-10,8
PV,2020-05-10,13
RI,2020-05-10,2
VC,2020-05-10,13
AN,2020-05-11,13
AR,2020-05-11,14
AS,2020-05-11,3
CB,2020-05-11,3
CE,2020-05-11,0
CL,2020-05-11,22
CM,2020-05-11,22
CN,2020-05-11,0
CT,2020-05-11,75
EX,2020-05-11,10
GA,2020-05-11,8
IB,2020-05-11,3
MC,2020-05-11,2
MD,2020-05-11,86
ML,2020-05-11,0
NC,2020-05-11,27
PV,2020-05-11,15
RI,2020-05-11,4
VC,2020-05-11,15
AN,2020-05-12,16
AR,2020-05-12,19
AS,2020-05-12,0
CB,2020-05-12,2
CE,2020-05-12,2
CL,2020-05-12,36
CM,2020-05-12,25
CN,2020-05-12,3
CT,2020-05-12,184
EX,2020-05-12,35
GA,2020-05-12,10
IB,2020-05-12,8
MC,2020-05-12,0
MD,2020-05-12,102
ML,2020-05-12,0
NC,2020-05-12,4
PV,2020-05-12,23
RI,2020-05-12,3
VC,2020-05-12,16
AN,2020-05-13,14
AR,2020-05-13,23
AS,2020-05-13,2
CB,2020-05-13,2
CE,2020-05-13,0
CL,2020-05-13,38
CM,2020-05-13,43
CN,2020-05-13,10
CT,2020-05-13,196
EX,2020-05-13,34
GA,2020-05-13,10
IB,2020-05-13,8
MC,2020-05-13,4
MD,2020-05-13,136
ML,2020-05-13,0
NC,2020-05-13,10
PV,2020-05-13,20
RI,2020-05-13,5
VC,2020-05-13,15
AN,2020-05-14,19
AR,2020-05-14,21
AS,2020-05-14,0
CB,2020-05-14,2
CE,2020-05-14,1
CL,2020-05-14,27
CM,2020-05-14,28
CN,2020-05-14,3
CT,2020-05-14,193
EX,2020-05-14,23
GA,2020-05-14,10
IB,2020-05-14,9
MC,2020-05-14,0
MD,2020-05-14,124
ML,2020-05-14,0
NC,2020-05-14,5
PV,2020-05-14,14
RI,2020-05-14,2
VC,2020-05-14,17
AN,2020-05-15,11
AR,2020-05-15,19
AS,2020-05-15,2
CB,2020-05-15,5
CE,2020-05-15,0
CL,2020-05-15,38
CM,2020-05-15,24
CN,2020-05-15,5
CT,2020-05-15,244
EX,2020-05-15,25
GA,2020-05-15,13
IB,2020-05-15,12
MC,2020-05-15,0
MD,2020-05-15,111
ML,2020-05-15,0
NC,2020-05-15,5
PV,2020-05-15,13
RI,2020-05-15,1
VC,2020-05-15,8
AN,2020-05-16,12
AR,2020-05-16,19
AS,2020-05-16,1
CB,2020-05-16,1
CE,2020-05-16,1
CL,2020-05-16,45
CM,2020-05-16,47
CN,2020-05-16,4
CT,2020-05-16,305
EX,2020-05-16,23
GA,2020-05-16,4
IB,2020-05-16,1
MC,2020-05-16,1
MD,2020-05-16,79
ML,2020-05-16,0
NC,2020-05-16,4
PV,2020-05-16,17
RI,2020-05-16,1
VC,2020-05-16,15
AN,2020-05-17,7
AR,2020-05-17,13
AS,2020-05-17,5
CB,2020-05-17,1
CE,2020-05-17,0
CL,2020-05-17,12
CM,2020-05-17,24
CN,2020-05-17,2
CT,2020-05-17,120
EX,2020-05-17,4
GA,2020-05-17,8
IB,2020-05-17,6
MC,2020-05-17,1
MD,2020-05-17,46
ML,2020-05-17,0
NC,2020-05-17,12
PV,2020-05-17,7
RI,2020-05-17,0
VC,2020-05-17,7
AN,2020-05-18,4
AR,2020-05-18,9
AS,2020-05-18,1
CB,2020-05-18,2
CE,2020-05-18,1
CL,2020-05-18,12
CM,2020-05-18,28
CN,2020-05-18,3
CT,2020-05-18,160
EX,2020-05-18,2
GA,2020-05-18,5
IB,2020-05-18,4
MC,2020-05-18,2
MD,2020-05-18,63
ML,2020-05-18,1
NC,2020-05-18,5
PV,2020-05-18,8
RI,2020-05-18,2
VC,2020-05-18,15
AN,2020-05-19,7
AR,2020-05-19,14
AS,2020-05-19,0
CB,2020-05-19,2
CE,2020-05-19,7
CL,2020-05-19,34
CM,2020-05-19,26
CN,2020-05-19,5
CT,2020-05-19,189
EX,2020-05-19,11
GA,2020-05-19,5
IB,2020-05-19,7
MC,2020-05-19,1
MD,2020-05-19,86
ML,2020-05-19,0
NC,2020-05-19,7
PV,2020-05-19,4
RI,2020-05-19,5
VC,2020-05-19,6
AN,2020-05-20,7
AR,2020-05-20,13
AS,2020-05-20,1
CB,2020-05-20,2
CE,2020-05-20,0
CL,2020-05-20,48
CM,2020-05-20,33
CN,2020-05-20,3
CT,2020-05-20,204
EX,2020-05-20,13
GA,2020-05-20,1
IB,2020-05-20,3
MC,2020-05-20,0
MD,2020-05-20,124
ML,2020-05-20,0
NC,2020-05-20,5
PV,2020-05-20,9
RI,2020-05-20,4
VC,2020-05-20,11
AN,2020-05-21,11
AR,2020-05-21,13
AS,2020-05-21,1
CB,2020-05-21,2
CE,2020-05-21,3
CL,2020-05-21,32
CM,2020-05-21,34
CN,2020-05-21,1
CT,2020-05-21,145
EX,2020-05-21,8
GA,2020-05-21,2
IB,2020-05-21,6
MC,2020-05-21,2
MD,2020-05-21,85
ML,2020-05-21,0
NC,2020-05-21,14
PV,2020-05-21,5
RI,2020-05-21,4
VC,2020-05-21,14
AN,2020-05-22,6
AR,2020-05-22,13
AS,2020-05-22,1
CB,2020-05-22,1
CE,2020-05-22,4
CL,2020-05-22,45
CM,2020-05-22,45
CN,2020-05-22,6
CT,2020-05-22,182
EX,2020-05-22,8
GA,2020-05-22,2
IB,2020-05-22,11
MC,2020-05-22,3
MD,2020-05-22,121
ML,2020-05-22,0
NC,2020-05-22,10
PV,2020-05-22,9
RI,2020-05-22,3
VC,2020-05-22,11
AN,2020-05-23,8
AR,2020-05-23,12
AS,2020-05-23,13
CB,2020-05-23,3
CE,2020-05-23,5
CL,2020-05-23,41
CM,2020-05-23,30
CN,2020-05-23,8
CT,2020-05-23,174
EX,2020-05-23,8
GA,2020-05-23,4
IB,2020-05-23,4
MC,2020-05-23,2
MD,2020-05-23,119
ML,2020-05-23,0
NC,2020-05-23,7
PV,2020-05-23,5
RI,2020-05-23,3
VC,2020-05-23,8
AN,2020-05-24,10
AR,2020-05-24,9
AS,2020-05-24,3
CB,2020-05-24,1
CE,2020-05-24,2
CL,2020-05-24,45
CM,2020-05-24,42
CN,2020-05-24,3
CT,2020-05-24,105
EX,2020-05-24,7
GA,2020-05-24,4
IB,2020-05-24,0
MC,2020-05-24,0
MD,2020-05-24,44
ML,2020-05-24,0
NC,2020-05-24,5
PV,2020-05-24,4
RI,2020-05-24,0
VC,2020-05-24,2
AN,2020-05-25,10
AR,2020-05-25,9
AS,2020-05-25,3
CB,2020-05-25,1
CE,2020-05-25,2
CL,2020-05-25,29
CM,2020-05-25,29
CN,2020-05-25,1
CT,2020-05-25,101
EX,2020-05-25,3
GA,2020-05-25,2
IB,2020-05-25,2
MC,2020-05-25,0
MD,2020-05-25,85
ML,2020-05-25,0
NC,2020-05-25,4
PV,2020-05-25,4
RI,2020-05-25,2
VC,2020-05-25,5
AN,2020-05-26,15
AR,2020-05-26,10
AS,2020-05-26,2
CB,2020-05-26,2
CE,2020-05-26,5
CL,2020-05-26,29
CM,2020-05-26,31
CN,2020-05-26,4
CT,2020-05-26,56
EX,2020-05-26,14
GA,2020-05-26,2
IB,2020-05-26,3
MC,2020-05-26,3
MD,2020-05-26,108
ML,2020-05-26,1
NC,2020-05-26,1
PV,2020-05-26,7
RI,2020-05-26,1
VC,2020-05-26,12
AN,2020-05-27,11
AR,2020-05-27,14
AS,2020-05-27,0
CB,2020-05-27,1
CE,2020-05-27,0
CL,2020-05-27,18
CM,2020-05-27,38
CN,2020-05-27,6
CT,2020-05-27,93
EX,2020-05-27,8
GA,2020-05-27,1
IB,2020-05-27,5
MC,2020-05-27,4
MD,2020-05-27,89
ML,2020-05-27,0
NC,2020-05-27,2
PV,2020-05-27,4
RI,2020-05-27,2
VC,2020-05-27,17
AN,2020-05-28,12
AR,2020-05-28,4
AS,2020-05-28,0
CB,2020-05-28,1
CE,2020-05-28,5
CL,2020-05-28,29
CM,2020-05-28,43
CN,2020-05-28,5
CT,2020-05-28,122
EX,2020-05-28,0
GA,2020-05-28,2
IB,2020-05-28,6
MC,2020-05-28,1
MD,2020-05-28,131
ML,2020-05-28,0
NC,2020-05-28,5
PV,2020-05-28,7
RI,2020-05-28,0
VC,2020-05-28,8
AN,2020-05-29,11
AR,2020-05-29,15
AS,2020-05-29,1
CB,2020-05-29,2
CE,2020-05-29,2
CL,2020-05-29,31
CM,2020-05-29,38
CN,2020-05-29,1
CT,2020-05-29,114
EX,2020-05-29,8
GA,2020-05-29,2
IB,2020-05-29,4
MC,2020-05-29,1
MD,2020-05-29,81
ML,2020-05-29,0
NC,2020-05-29,6
PV,2020-05-29,2
RI,2020-05-29,2
VC,2020-05-29,7
AN,2020-05-30,16
AR,2020-05-30,4
AS,2020-05-30,3
CB,2020-05-30,1
CE,2020-05-30,3
CL,2020-05-30,33
CM,2020-05-30,34
CN,2020-05-30,1
CT,2020-05-30,176
EX,2020-05-30,6
GA,2020-05-30,3
IB,2020-05-30,2
MC,2020-05-30,1
MD,2020-05-30,92
ML,2020-05-30,0
NC,2020-05-30,7
PV,2020-05-30,6
RI,2020-05-30,1
VC,2020-05-30,9
AN,2020-05-31,7
AR,2020-05-31,9
AS,2020-05-31,1
CB,2020-05-31,1
CE,2020-05-31,0
CL,2020-05-31,13
CM,2020-05-31,13
CN,2020-05-31,4
CT,2020-05-31,62
EX,2020-05-31,2
GA,2020-05-31,1
IB,2020-05-31,3
MC,2020-05-31,0
MD,2020-05-31,51
ML,2020-05-31,0
NC,2020-05-31,1
PV,2020-05-31,4
RI,2020-05-31,1
VC,2020-05-31,9
AN,2020-06-01,8
AR,2020-06-01,6
AS,2020-06-01,1
CB,2020-06-01,4
CE,2020-06-01,0
CL,2020-06-01,17
CM,2020-06-01,22
CN,2020-06-01,2
CT,2020-06-01,81
EX,2020-06-01,3
GA,2020-06-01,2
IB,2020-06-01,3
MC,2020-06-01,1
MD,2020-06-01,70
ML,2020-06-01,0
NC,2020-06-01,1
PV,2020-06-01,9
RI,2020-06-01,3
VC,2020-06-01,13
AN,2020-06-02,3
AR,2020-06-02,12
AS,2020-06-02,0
CB,2020-06-02,1
CE,2020-06-02,2
CL,2020-06-02,25
CM,2020-06-02,30
CN,2020-06-02,2
CT,2020-06-02,102
EX,2020-06-02,10
GA,2020-06-02,2
IB,2020-06-02,3
MC,2020-06-02,2
MD,2020-06-02,103
ML,2020-06-02,0
NC,2020-06-02,1
PV,2020-06-02,14
RI,2020-06-02,0
VC,2020-06-02,10
AN,2020-06-03,11
AR,2020-06-03,13
AS,2020-06-03,0
CB,2020-06-03,0
CE,2020-06-03,0
CL,2020-06-03,26
CM,2020-06-03,25
CN,2020-06-03,0
CT,2020-06-03,110
EX,2020-06-03,8
GA,2020-06-03,1
IB,2020-06-03,1
MC,2020-06-03,1
MD,2020-06-03,79
ML,2020-06-03,0
NC,2020-06-03,5
PV,2020-06-03,12
RI,2020-06-03,2
VC,2020-06-03,10
AN,2020-06-04,3
AR,2020-06-04,4
AS,2020-06-04,0
CB,2020-06-04,0
CE,2020-06-04,0
CL,2020-06-04,20
CM,2020-06-04,24
CN,2020-06-04,2
CT,2020-06-04,132
EX,2020-06-04,4
GA,2020-06-04,3
IB,2020-06-04,3
MC,2020-06-04,2
MD,2020-06-04,91
ML,2020-06-04,0
NC,2020-06-04,4
PV,2020-06-04,14
RI,2020-06-04,0
VC,2020-06-04,6
AN,2020-06-05,4
AR,2020-06-05,7
AS,2020-06-05,4
CB,2020-06-05,5
CE,2020-06-05,0
CL,2020-06-05,20
CM,2020-06-05,17
CN,2020-06-05,2
CT,2020-06-05,97
EX,2020-06-05,0
GA,2020-06-05,1
IB,2020-06-05,2
MC,2020-06-05,1
MD,2020-06-05,89
ML,2020-06-05,0
NC,2020-06-05,3
PV,2020-06-05,17
RI,2020-06-05,3
VC,2020-06-05,9
AN,2020-06-06,2
AR,2020-06-06,4
AS,2020-06-06,2
CB,2020-06-06,2
CE,2020-06-06,0
CL,2020-06-06,22
CM,2020-06-06,20
CN,2020-06-06,2
CT,2020-06-06,102
EX,2020-06-06,1
GA,2020-06-06,1
IB,2020-06-06,4
MC,2020-06-06,3
MD,2020-06-06,113
ML,2020-06-06,0
NC,2020-06-06,1
PV,2020-06-06,22
RI,2020-06-06,1
VC,2020-06-06,11
AN,2020-06-07,3
AR,2020-06-07,8
AS,2020-06-07,0
CB,2020-06-07,4
CE,2020-06-07,0
CL,2020-06-07,10
CM,2020-06-07,12
CN,2020-06-07,1
CT,2020-06-07,40
EX,2020-06-07,5
GA,2020-06-07,2
IB,2020-06-07,4
MC,2020-06-07,0
MD,2020-06-07,27
ML,2020-06-07,0
NC,2020-06-07,2
PV,2020-06-07,21
RI,2020-06-07,1
VC,2020-06-07,4
AN,2020-06-08,3
AR,2020-06-08,3
AS,2020-06-08,0
CB,2020-06-08,1
CE,2020-06-08,0
CL,2020-06-08,14
CM,2020-06-08,13
CN,2020-06-08,1
CT,2020-06-08,61
EX,2020-06-08,0
GA,2020-06-08,2
IB,2020-06-08,3
MC,2020-06-08,0
MD,2020-06-08,47
ML,2020-06-08,0
NC,2020-06-08,0
PV,2020-06-08,15
RI,2020-06-08,1
VC,2020-06-08,3
AN,2020-06-09,4
AR,2020-06-09,4
AS,2020-06-09,0
CB,2020-06-09,1
CE,2020-06-09,0
CL,2020-06-09,13
CM,2020-06-09,9
CN,2020-06-09,3
CT,2020-06-09,61
EX,2020-06-09,2
GA,2020-06-09,1
IB,2020-06-09,4
MC,2020-06-09,2
MD,2020-06-09,93
ML,2020-06-09,1
NC,2020-06-09,3
PV,2020-06-09,14
RI,2020-06-09,1
VC,2020-06-09,8
AN,2020-06-10,6
AR,2020-06-10,4
AS,2020-06-10,0
CB,2020-06-10,3
CE,2020-06-10,0
CL,2020-06-10,36
CM,2020-06-10,23
CN,2020-06-10,2
CT,2020-06-10,65
EX,2020-06-10,1
GA,2020-06-10,0
IB,2020-06-10,3
MC,2020-06-10,2
MD,2020-06-10,70
ML,2020-06-10,0
NC,2020-06-10,6
PV,2020-06-10,8
RI,2020-06-10,0
VC,2020-06-10,6
AN,2020-06-11,3
AR,2020-06-11,4
AS,2020-06-11,0
CB,2020-06-11,2
CE,2020-06-11,0
CL,2020-06-11,19
CM,2020-06-11,10
CN,2020-06-11,15
CT,2020-06-11,73
EX,2020-06-11,6
GA,2020-06-11,4
IB,2020-06-11,5
MC,2020-06-11,1
MD,2020-06-11,68
ML,2020-06-11,0
NC,2020-06-11,2
PV,2020-06-11,8
RI,2020-06-11,0
VC,2020-06-11,7
AN,2020-06-12,18
AR,2020-06-12,12
AS,2020-06-12,0
CB,2020-06-12,1
CE,2020-06-12,0
CL,2020-06-12,13
CM,2020-06-12,14
CN,2020-06-12,1
CT,2020-06-12,74
EX,2020-06-12,1
GA,2020-06-12,2
IB,2020-06-12,6
MC,2020-06-12,1
MD,2020-06-12,85
ML,2020-06-12,0
NC,2020-06-12,3
PV,2020-06-12,8
RI,2020-06-12,1
VC,2020-06-12,11
AN,2020-06-13,7
AR,2020-06-13,19
AS,2020-06-13,0
CB,2020-06-13,0
CE,2020-06-13,0
CL,2020-06-13,11
CM,2020-06-13,13
CN,2020-06-13,2
CT,2020-06-13,66
EX,2020-06-13,1
GA,2020-06-13,0
IB,2020-06-13,9
MC,2020-06-13,2
MD,2020-06-13,50
ML,2020-06-13,0
NC,2020-06-13,4
PV,2020-06-13,9
RI,2020-06-13,1
VC,2020-06-13,7
AN,2020-06-14,9
AR,2020-06-14,26
AS,2020-06-14,0
CB,2020-06-14,2
CE,2020-06-14,0
CL,2020-06-14,19
CM,2020-06-14,23
CN,2020-06-14,12
CT,2020-06-14,42
EX,2020-06-14,1
GA,2020-06-14,6
IB,2020-06-14,3
MC,2020-06-14,5
MD,2020-06-14,47
ML,2020-06-14,0
NC,2020-06-14,4
PV,2020-06-14,3
RI,2020-06-14,0
VC,2020-06-14,4
AN,2020-06-15,5
AR,2020-06-15,36
AS,2020-06-15,0
CB,2020-06-15,2
CE,2020-06-15,0
CL,2020-06-15,11
CM,2020-06-15,22
CN,2020-06-15,0
CT,2020-06-15,43
EX,2020-06-15,7
GA,2020-06-15,2
IB,2020-06-15,1
MC,2020-06-15,4
MD,2020-06-15,40
ML,2020-06-15,2
NC,2020-06-15,18
PV,2020-06-15,11
RI,2020-06-15,0
VC,2020-06-15,10
AN,2020-06-16,9
AR,2020-06-16,46
AS,2020-06-16,0
CB,2020-06-16,0
CE,2020-06-16,0
CL,2020-06-16,19
CM,2020-06-16,8
CN,2020-06-16,0
CT,2020-06-16,68
EX,2020-06-16,1
GA,2020-06-16,0
IB,2020-06-16,4
MC,2020-06-16,0
MD,2020-06-16,32
ML,2020-06-16,0
NC,2020-06-16,16
PV,2020-06-16,8
RI,2020-06-16,1
VC,2020-06-16,7
AN,2020-06-17,13
AR,2020-06-17,48
AS,2020-06-17,0
CB,2020-06-17,2
CE,2020-06-17,0
CL,2020-06-17,25
CM,2020-06-17,8
CN,2020-06-17,6
CT,2020-06-17,113
EX,2020-06-17,6
GA,2020-06-17,2
IB,2020-06-17,2
MC,2020-06-17,2
MD,2020-06-17,53
ML,2020-06-17,0
NC,2020-06-17,8
PV,2020-06-17,6
RI,2020-06-17,0
VC,2020-06-17,10
AN,2020-06-18,89
AR,2020-06-18,52
AS,2020-06-18,0
CB,2020-06-18,4
CE,2020-06-18,0
CL,2020-06-18,15
CM,2020-06-18,15
CN,2020-06-18,1
CT,2020-06-18,63
EX,2020-06-18,4
GA,2020-06-18,9
IB,2020-06-18,1
MC,2020-06-18,3
MD,2020-06-18,43
ML,2020-06-18,0
NC,2020-06-18,6
PV,2020-06-18,17
RI,2020-06-18,1
VC,2020-06-18,1
AN,2020-06-19,16
AR,2020-06-19,69
AS,2020-06-19,0
CB,2020-06-19,0
CE,2020-06-19,0
CL,2020-06-19,20
CM,2020-06-19,16
CN,2020-06-19,1
CT,2020-06-19,97
EX,2020-06-19,4
GA,2020-06-19,3
IB,2020-06-19,1
MC,2020-06-19,2
MD,2020-06-19,57
ML,2020-06-19,0
NC,2020-06-19,6
PV,2020-06-19,9
RI,2020-06-19,0
VC,2020-06-19,5
AN,2020-06-20,20
AR,2020-06-20,23
AS,2020-06-20,0
CB,2020-06-20,5
CE,2020-06-20,0
CL,2020-06-20,21
CM,2020-06-20,27
CN,2020-06-20,0
CT,2020-06-20,156
EX,2020-06-20,0
GA,2020-06-20,6
IB,2020-06-20,9
MC,2020-06-20,4
MD,2020-06-20,55
ML,2020-06-20,0
NC,2020-06-20,4
PV,2020-06-20,8
RI,2020-06-20,1
VC,2020-06-20,9
AN,2020-06-21,18
AR,2020-06-21,53
AS,2020-06-21,0
CB,2020-06-21,2
CE,2020-06-21,0
CL,2020-06-21,15
CM,2020-06-21,20
CN,2020-06-21,1
CT,2020-06-21,66
EX,2020-06-21,1
GA,2020-06-21,7
IB,2020-06-21,1
MC,2020-06-21,3
MD,2020-06-21,34
ML,2020-06-21,0
NC,2020-06-21,8
PV,2020-06-21,4
RI,2020-06-21,0
VC,2020-06-21,12
AN,2020-06-22,32
AR,2020-06-22,24
AS,2020-06-22,0
CB,2020-06-22,1
CE,2020-06-22,0
CL,2020-06-22,8
CM,2020-06-22,13
CN,2020-06-22,0
CT,2020-06-22,91
EX,2020-06-22,1
GA,2020-06-22,6
IB,2020-06-22,4
MC,2020-06-22,5
MD,2020-06-22,19
ML,2020-06-22,0
NC,2020-06-22,9
PV,2020-06-22,5
RI,2020-06-22,0
VC,2020-06-22,12
AN,2020-06-23,16
AR,2020-06-23,9
AS,2020-06-23,0
CB,2020-06-23,1
CE,2020-06-23,0
CL,2020-06-23,17
CM,2020-06-23,16
CN,2020-06-23,0
CT,2020-06-23,97
EX,2020-06-23,3
GA,2020-06-23,7
IB,2020-06-23,10
MC,2020-06-23,8
MD,2020-06-23,46
ML,2020-06-23,0
NC,2020-06-23,4
PV,2020-06-23,5
RI,2020-06-23,1
VC,2020-06-23,8
AN,2020-06-24,28
AR,2020-06-24,31
AS,2020-06-24,0
CB,2020-06-24,3
CE,2020-06-24,0
CL,2020-06-24,13
CM,2020-06-24,12
CN,2020-06-24,4
CT,2020-06-24,137
EX,2020-06-24,5
GA,2020-06-24,5
IB,2020-06-24,4
MC,2020-06-24,7
MD,2020-06-24,51
ML,2020-06-24,0
NC,2020-06-24,5
PV,2020-06-24,12
RI,2020-06-24,0
VC,2020-06-24,13
AN,2020-06-25,17
AR,2020-06-25,27
AS,2020-06-25,0
CB,2020-06-25,1
CE,2020-06-25,0
CL,2020-06-25,11
CM,2020-06-25,15
CN,2020-06-25,4
CT,2020-06-25,174
EX,2020-06-25,7
GA,2020-06-25,5
IB,2020-06-25,3
MC,2020-06-25,5
MD,2020-06-25,37
ML,2020-06-25,0
NC,2020-06-25,8
PV,2020-06-25,2
RI,2020-06-25,0
VC,2020-06-25,13
AN,2020-06-26,11
AR,2020-06-26,23
AS,2020-06-26,0
CB,2020-06-26,1
CE,2020-06-26,0
CL,2020-06-26,5
CM,2020-06-26,17
CN,2020-06-26,1
CT,2020-06-26,203
EX,2020-06-26,3
GA,2020-06-26,20
IB,2020-06-26,4
MC,2020-06-26,2
MD,2020-06-26,44
ML,2020-06-26,0
NC,2020-06-26,4
PV,2020-06-26,11
RI,2020-06-26,0
VC,2020-06-26,16
AN,2020-06-27,14
AR,2020-06-27,32
AS,2020-06-27,0
CB,2020-06-27,3
CE,2020-06-27,0
CL,2020-06-27,12
CM,2020-06-27,15
CN,2020-06-27,3
CT,2020-06-27,261
EX,2020-06-27,10
GA,2020-06-27,36
IB,2020-06-27,6
MC,2020-06-27,5
MD,2020-06-27,59
ML,2020-06-27,0
NC,2020-06-27,3
PV,2020-06-27,7
RI,2020-06-27,0
VC,2020-06-27,7
AN,2020-06-28,14
AR,2020-06-28,14
AS,2020-06-28,0
CB,2020-06-28,0
CE,2020-06-28,0
CL,2020-06-28,9
CM,2020-06-28,18
CN,2020-06-28,1
CT,2020-06-28,187
EX,2020-06-28,5
GA,2020-06-28,19
IB,2020-06-28,5
MC,2020-06-28,3
MD,2020-06-28,23
ML,2020-06-28,0
NC,2020-06-28,2
PV,2020-06-28,8
RI,2020-06-28,1
VC,2020-06-28,7
AN,2020-06-29,18
AR,2020-06-29,21
AS,2020-06-29,0
CB,2020-06-29,1
CE,2020-06-29,0
CL,2020-06-29,3
CM,2020-06-29,16
CN,2020-06-29,0
CT,2020-06-29,169
EX,2020-06-29,2
GA,2020-06-29,13
IB,2020-06-29,1
MC,2020-06-29,5
MD,2020-06-29,28
ML,2020-06-29,0
NC,2020-06-29,2
PV,2020-06-29,9
RI,2020-06-29,1
VC,2020-06-29,19
AN,2020-06-30,13
AR,2020-06-30,27
AS,2020-06-30,0
CB,2020-06-30,0
CE,2020-06-30,0
CL,2020-06-30,6
CM,2020-06-30,10
CN,2020-06-30,1
CT,2020-06-30,137
EX,2020-06-30,4
GA,2020-06-30,6
IB,2020-06-30,1
MC,2020-06-30,1
MD,2020-06-30,33
ML,2020-06-30,0
NC,2020-06-30,2
PV,2020-06-30,16
RI,2020-06-30,0
VC,2020-06-30,7
AN,2020-07-01,24
AR,2020-07-01,42
AS,2020-07-01,1
CB,2020-07-01,1
CE,2020-07-01,0
CL,2020-07-01,3
CM,2020-07-01,8
CN,2020-07-01,0
CT,2020-07-01,118
EX,2020-07-01,10
GA,2020-07-01,44
IB,2020-07-01,0
MC,2020-07-01,4
MD,2020-07-01,49
ML,2020-07-01,0
NC,2020-07-01,1
PV,2020-07-01,12
RI,2020-07-01,1
VC,2020-07-01,12
AN,2020-07-02,8
AR,2020-07-02,10
AS,2020-07-02,0
CB,2020-07-02,0
CE,2020-07-02,0
CL,2020-07-02,2
CM,2020-07-02,6
CN,2020-07-02,1
CT,2020-07-02,42
EX,2020-07-02,1
GA,2020-07-02,2
IB,2020-07-02,0
MC,2020-07-02,1
MD,2020-07-02,7
ML,2020-07-02,0
NC,2020-07-02,1
PV,2020-07-02,1
RI,2020-07-02,0
VC,2020-07-02,6
AN,2020-07-03,5
AR,2020-07-03,14
AS,2020-07-03,0
CB,2020-07-03,0
CE,2020-07-03,0
CL,2020-07-03,0
CM,2020-07-03,5
CN,2020-07-03,0
CT,2020-07-03,10
EX,2020-07-03,1
GA,2020-07-03,6
IB,2020-07-03,0
MC,2020-07-03,0
MD,2020-07-03,6
ML,2020-07-03,0
NC,2020-07-03,4
PV,2020-07-03,6
RI,2020-07-03,0
VC,2020-07-03,4
AN,2020-07-04,7
AR,2020-07-04,12
AS,2020-07-04,0
CB,2020-07-04,0
CE,2020-07-04,0
CL,2020-07-04,0
CM,2020-07-04,1
CN,2020-07-04,1
CT,2020-07-04,12
EX,2020-07-04,1
GA,2020-07-04,2
IB,2020-07-04,0
MC,2020-07-04,0
MD,2020-07-04,8
ML,2020-07-04,0
NC,2020-07-04,2
PV,2020-07-04,2
RI,2020-07-04,0
VC,2020-07-04,0
AN,2020-07-05,3
AR,2020-07-05,7
AS,2020-07-05,0
CB,2020-07-05,0
CE,2020-07-05,0
CL,2020-07-05,0
CM,2020-07-05,1
CN,2020-07-05,0
CT,2020-07-05,3
EX,2020-07-05,1
GA,2020-07-05,1
IB,2020-07-05,0
MC,2020-07-05,0
MD,2020-07-05,4
ML,2020-07-05,0
NC,2020-07-05,1
PV,2020-07-05,3
RI,2020-07-05,0
VC,2020-07-05,1
